Geographic area,Indicator,Sex,TIME_PERIOD,OBS_VALUE,Unit multiplier,Unit of measure,Observation Status,Observation confidentaility,LOWER_BOUND,UPPER_BOUND,WGTD_SAMPL_SIZE,OBS_FOOTNOTE,SERIES_FOOTNOTE,DATA_SOURCE,SOURCE_LINK,CUSTODIAN,Time period activity related to when the data are collected,REF_PERIOD,COVERAGE_TIME,Current age
Afghanistan,Mother-to-child HIV transmission rate,Total,2021,43.96,Units,Rate per 100 of Population,Estimated value,Free,36.19,53.54,,,Data from Global AIDS Monitoring and UNAIDS estimates are published by UNAIDS in collaboration with UNICEF and WHO. More data can be found at http://aidsinfo.unaids.org/.,UNAIDS 2023 estimates,http://aidsinfo.unaids.org/,,,,2000 to 2022,Total
Afghanistan,Mother-to-child HIV transmission rate,Total,2022,45.54,Units,Rate per 100 of Population,Estimated value,Free,38.28,54.78,,,Data from Global AIDS Monitoring and UNAIDS estimates are published by UNAIDS in collaboration with UNICEF and WHO. More data can be found at http://aidsinfo.unaids.org/.,UNAIDS 2023 estimates,http://aidsinfo.unaids.org/,,,,2000 to 2022,Total
Algeria,Mother-to-child HIV transmission rate,Total,2021,27.41,Units,Rate per 100 of Population,Estimated value,Free,25.57,28.84,,,Data from Global AIDS Monitoring and UNAIDS estimates are published by UNAIDS in collaboration with UNICEF and WHO. More data can be found at http://aidsinfo.unaids.org/.,UNAIDS 2023 estimates,http://aidsinfo.unaids.org/,,,,2000 to 2022,Total
Algeria,Mother-to-child HIV transmission rate,Total,2022,27.18,Units,Rate per 100 of Population,Estimated value,Free,25.52,28.53,,,Data from Global AIDS Monitoring and UNAIDS estimates are published by UNAIDS in collaboration with UNICEF and WHO. More data can be found at http://aidsinfo.unaids.org/.,UNAIDS 2023 estimates,http://aidsinfo.unaids.org/,,,,2000 to 2022,Total
Angola,Mother-to-child HIV transmission rate,Total,2021,16.63,Units,Rate per 100 of Population,Estimated value,Free,13.12,19.52,,,Data from Global AIDS Monitoring and UNAIDS estimates are published by UNAIDS in collaboration with UNICEF and WHO. More data can be found at http://aidsinfo.unaids.org/.,UNAIDS 2023 estimates,http://aidsinfo.unaids.org/,,,,2000 to 2022,Total
Angola,Mother-to-child HIV transmission rate,Total,2022,15.51,Units,Rate per 100 of Population,Estimated value,Free,11.36,18.41,,,Data from Global AIDS Monitoring and UNAIDS estimates are published by UNAIDS in collaboration with UNICEF and WHO. More data can be found at http://aidsinfo.unaids.org/.,UNAIDS 2023 estimates,http://aidsinfo.unaids.org/,,,,2000 to 2022,Total
Azerbaijan,Mother-to-child HIV transmission rate,Total,2021,18.42,Units,Rate per 100 of Population,Estimated value,Free,14.71,21.69,,,Data from Global AIDS Monitoring and UNAIDS estimates are published by UNAIDS in collaboration with UNICEF and WHO. More data can be found at http://aidsinfo.unaids.org/.,UNAIDS 2023 estimates,http://aidsinfo.unaids.org/,,,,2000 to 2022,Total
Azerbaijan,Mother-to-child HIV transmission rate,Total,2022,19.68,Units,Rate per 100 of Population,Estimated value,Free,15.79,23.02,,,Data from Global AIDS Monitoring and UNAIDS estimates are published by UNAIDS in collaboration with UNICEF and WHO. More data can be found at http://aidsinfo.unaids.org/.,UNAIDS 2023 estimates,http://aidsinfo.unaids.org/,,,,2000 to 2022,Total
Bahamas,Mother-to-child HIV transmission rate,Total,2021,23.62,Units,Rate per 100 of Population,Estimated value,Free,21.35,26.01,,,Data from Global AIDS Monitoring and UNAIDS estimates are published by UNAIDS in collaboration with UNICEF and WHO. More data can be found at http://aidsinfo.unaids.org/.,UNAIDS 2023 estimates,http://aidsinfo.unaids.org/,,,,2000 to 2022,Total
Bahamas,Mother-to-child HIV transmission rate,Total,2022,20.83,Units,Rate per 100 of Population,Estimated value,Free,18.12,23.70,,,Data from Global AIDS Monitoring and UNAIDS estimates are published by UNAIDS in collaboration with UNICEF and WHO. More data can be found at http://aidsinfo.unaids.org/.,UNAIDS 2023 estimates,http://aidsinfo.unaids.org/,,,,2000 to 2022,Total
Bangladesh,Mother-to-child HIV transmission rate,Total,2021,40.86,Units,Rate per 100 of Population,Estimated value,Free,39.43,42.44,,,Data from Global AIDS Monitoring and UNAIDS estimates are published by UNAIDS in collaboration with UNICEF and WHO. More data can be found at http://aidsinfo.unaids.org/.,UNAIDS 2023 estimates,http://aidsinfo.unaids.org/,,,,2000 to 2022,Total
Bangladesh,Mother-to-child HIV transmission rate,Total,2022,41.32,Units,Rate per 100 of Population,Estimated value,Free,39.72,42.76,,,Data from Global AIDS Monitoring and UNAIDS estimates are published by UNAIDS in collaboration with UNICEF and WHO. More data can be found at http://aidsinfo.unaids.org/.,UNAIDS 2023 estimates,http://aidsinfo.unaids.org/,,,,2000 to 2022,Total
Belarus,Mother-to-child HIV transmission rate,Total,2021,7.62,Units,Rate per 100 of Population,Estimated value,Free,5.00,9.78,,,Data from Global AIDS Monitoring and UNAIDS estimates are published by UNAIDS in collaboration with UNICEF and WHO. More data can be found at http://aidsinfo.unaids.org/.,UNAIDS 2023 estimates,http://aidsinfo.unaids.org/,,,,2000 to 2022,Total
Belarus,Mother-to-child HIV transmission rate,Total,2022,6.87,Units,Rate per 100 of Population,Estimated value,Free,4.00,8.89,,,Data from Global AIDS Monitoring and UNAIDS estimates are published by UNAIDS in collaboration with UNICEF and WHO. More data can be found at http://aidsinfo.unaids.org/.,UNAIDS 2023 estimates,http://aidsinfo.unaids.org/,,,,2000 to 2022,Total
Belize,Mother-to-child HIV transmission rate,Total,2021,19.05,Units,Rate per 100 of Population,Estimated value,Free,15.95,21.77,,,Data from Global AIDS Monitoring and UNAIDS estimates are published by UNAIDS in collaboration with UNICEF and WHO. More data can be found at http://aidsinfo.unaids.org/.,UNAIDS 2023 estimates,http://aidsinfo.unaids.org/,,,,2000 to 2022,Total
Belize,Mother-to-child HIV transmission rate,Total,2022,18.82,Units,Rate per 100 of Population,Estimated value,Free,15.16,21.70,,,Data from Global AIDS Monitoring and UNAIDS estimates are published by UNAIDS in collaboration with UNICEF and WHO. More data can be found at http://aidsinfo.unaids.org/.,UNAIDS 2023 estimates,http://aidsinfo.unaids.org/,,,,2000 to 2022,Total
Benin,Mother-to-child HIV transmission rate,Total,2021,13.63,Units,Rate per 100 of Population,Estimated value,Free,9.59,17.72,,,Data from Global AIDS Monitoring and UNAIDS estimates are published by UNAIDS in collaboration with UNICEF and WHO. More data can be found at http://aidsinfo.unaids.org/.,UNAIDS 2023 estimates,http://aidsinfo.unaids.org/,,,,2000 to 2022,Total
Benin,Mother-to-child HIV transmission rate,Total,2022,10.84,Units,Rate per 100 of Population,Estimated value,Free,8.90,15.24,,,Data from Global AIDS Monitoring and UNAIDS estimates are published by UNAIDS in collaboration with UNICEF and WHO. More data can be found at http://aidsinfo.unaids.org/.,UNAIDS 2023 estimates,http://aidsinfo.unaids.org/,,,,2000 to 2022,Total
Bolivia (Plurinational State of),Mother-to-child HIV transmission rate,Total,2021,16.52,Units,Rate per 100 of Population,Estimated value,Free,12.88,19.48,,,Data from Global AIDS Monitoring and UNAIDS estimates are published by UNAIDS in collaboration with UNICEF and WHO. More data can be found at http://aidsinfo.unaids.org/.,UNAIDS 2023 estimates,http://aidsinfo.unaids.org/,,,,2000 to 2022,Total
Bolivia (Plurinational State of),Mother-to-child HIV transmission rate,Total,2022,15.20,Units,Rate per 100 of Population,Estimated value,Free,11.35,18.25,,,Data from Global AIDS Monitoring and UNAIDS estimates are published by UNAIDS in collaboration with UNICEF and WHO. More data can be found at http://aidsinfo.unaids.org/.,UNAIDS 2023 estimates,http://aidsinfo.unaids.org/,,,,2000 to 2022,Total
Botswana,Mother-to-child HIV transmission rate,Total,2021,2.01,Units,Rate per 100 of Population,Estimated value,Free,1.68,5.40,,,Data from Global AIDS Monitoring and UNAIDS estimates are published by UNAIDS in collaboration with UNICEF and WHO. More data can be found at http://aidsinfo.unaids.org/.,UNAIDS 2023 estimates,http://aidsinfo.unaids.org/,,,,2000 to 2022,Total
Botswana,Mother-to-child HIV transmission rate,Total,2022,1.77,Units,Rate per 100 of Population,Estimated value,Free,1.52,4.80,,,Data from Global AIDS Monitoring and UNAIDS estimates are published by UNAIDS in collaboration with UNICEF and WHO. More data can be found at http://aidsinfo.unaids.org/.,UNAIDS 2023 estimates,http://aidsinfo.unaids.org/,,,,2000 to 2022,Total
Burkina Faso,Mother-to-child HIV transmission rate,Total,2021,15.09,Units,Rate per 100 of Population,Estimated value,Free,10.82,19.03,,,Data from Global AIDS Monitoring and UNAIDS estimates are published by UNAIDS in collaboration with UNICEF and WHO. More data can be found at http://aidsinfo.unaids.org/.,UNAIDS 2023 estimates,http://aidsinfo.unaids.org/,,,,2000 to 2022,Total
Burkina Faso,Mother-to-child HIV transmission rate,Total,2022,14.17,Units,Rate per 100 of Population,Estimated value,Free,10.01,17.93,,,Data from Global AIDS Monitoring and UNAIDS estimates are published by UNAIDS in collaboration with UNICEF and WHO. More data can be found at http://aidsinfo.unaids.org/.,UNAIDS 2023 estimates,http://aidsinfo.unaids.org/,,,,2000 to 2022,Total
Burundi,Mother-to-child HIV transmission rate,Total,2021,7.68,Units,Rate per 100 of Population,Estimated value,Free,6.77,12.67,,,Data from Global AIDS Monitoring and UNAIDS estimates are published by UNAIDS in collaboration with UNICEF and WHO. More data can be found at http://aidsinfo.unaids.org/.,UNAIDS 2023 estimates,http://aidsinfo.unaids.org/,,,,2000 to 2022,Total
Burundi,Mother-to-child HIV transmission rate,Total,2022,10.79,Units,Rate per 100 of Population,Estimated value,Free,7.14,16.18,,,Data from Global AIDS Monitoring and UNAIDS estimates are published by UNAIDS in collaboration with UNICEF and WHO. More data can be found at http://aidsinfo.unaids.org/.,UNAIDS 2023 estimates,http://aidsinfo.unaids.org/,,,,2000 to 2022,Total
Cabo Verde,Mother-to-child HIV transmission rate,Total,2021,14.36,Units,Rate per 100 of Population,Estimated value,Free,11.06,18.09,,,Data from Global AIDS Monitoring and UNAIDS estimates are published by UNAIDS in collaboration with UNICEF and WHO. More data can be found at http://aidsinfo.unaids.org/.,UNAIDS 2023 estimates,http://aidsinfo.unaids.org/,,,,2000 to 2022,Total
Cabo Verde,Mother-to-child HIV transmission rate,Total,2022,14.19,Units,Rate per 100 of Population,Estimated value,Free,10.79,17.44,,,Data from Global AIDS Monitoring and UNAIDS estimates are published by UNAIDS in collaboration with UNICEF and WHO. More data can be found at http://aidsinfo.unaids.org/.,UNAIDS 2023 estimates,http://aidsinfo.unaids.org/,,,,2000 to 2022,Total
Cambodia,Mother-to-child HIV transmission rate,Total,2021,14.50,Units,Rate per 100 of Population,Estimated value,Free,9.86,19.25,,,Data from Global AIDS Monitoring and UNAIDS estimates are published by UNAIDS in collaboration with UNICEF and WHO. More data can be found at http://aidsinfo.unaids.org/.,UNAIDS 2023 estimates,http://aidsinfo.unaids.org/,,,,2000 to 2022,Total
Cambodia,Mother-to-child HIV transmission rate,Total,2022,9.90,Units,Rate per 100 of Population,Estimated value,Free,9.08,14.44,,,Data from Global AIDS Monitoring and UNAIDS estimates are published by UNAIDS in collaboration with UNICEF and WHO. More data can be found at http://aidsinfo.unaids.org/.,UNAIDS 2023 estimates,http://aidsinfo.unaids.org/,,,,2000 to 2022,Total
Cameroon,Mother-to-child HIV transmission rate,Total,2021,15.33,Units,Rate per 100 of Population,Estimated value,Free,11.55,17.74,,,Data from Global AIDS Monitoring and UNAIDS estimates are published by UNAIDS in collaboration with UNICEF and WHO. More data can be found at http://aidsinfo.unaids.org/.,UNAIDS 2023 estimates,http://aidsinfo.unaids.org/,,,,2000 to 2022,Total
Cameroon,Mother-to-child HIV transmission rate,Total,2022,14.50,Units,Rate per 100 of Population,Estimated value,Free,10.79,16.82,,,Data from Global AIDS Monitoring and UNAIDS estimates are published by UNAIDS in collaboration with UNICEF and WHO. More data can be found at http://aidsinfo.unaids.org/.,UNAIDS 2023 estimates,http://aidsinfo.unaids.org/,,,,2000 to 2022,Total
Central African Republic,Mother-to-child HIV transmission rate,Total,2021,24.54,Units,Rate per 100 of Population,Estimated value,Free,19.21,30.19,,,Data from Global AIDS Monitoring and UNAIDS estimates are published by UNAIDS in collaboration with UNICEF and WHO. More data can be found at http://aidsinfo.unaids.org/.,UNAIDS 2023 estimates,http://aidsinfo.unaids.org/,,,,2000 to 2022,Total
Central African Republic,Mother-to-child HIV transmission rate,Total,2022,26.47,Units,Rate per 100 of Population,Estimated value,Free,21.54,31.78,,,Data from Global AIDS Monitoring and UNAIDS estimates are published by UNAIDS in collaboration with UNICEF and WHO. More data can be found at http://aidsinfo.unaids.org/.,UNAIDS 2023 estimates,http://aidsinfo.unaids.org/,,,,2000 to 2022,Total
Chad,Mother-to-child HIV transmission rate,Total,2021,17.31,Units,Rate per 100 of Population,Estimated value,Free,11.53,21.35,,,Data from Global AIDS Monitoring and UNAIDS estimates are published by UNAIDS in collaboration with UNICEF and WHO. More data can be found at http://aidsinfo.unaids.org/.,UNAIDS 2023 estimates,http://aidsinfo.unaids.org/,,,,2000 to 2022,Total
Chad,Mother-to-child HIV transmission rate,Total,2022,18.66,Units,Rate per 100 of Population,Estimated value,Free,12.71,22.99,,,Data from Global AIDS Monitoring and UNAIDS estimates are published by UNAIDS in collaboration with UNICEF and WHO. More data can be found at http://aidsinfo.unaids.org/.,UNAIDS 2023 estimates,http://aidsinfo.unaids.org/,,,,2000 to 2022,Total
Chile,Mother-to-child HIV transmission rate,Total,2021,11.41,Units,Rate per 100 of Population,Estimated value,Free,10.30,12.55,,,Data from Global AIDS Monitoring and UNAIDS estimates are published by UNAIDS in collaboration with UNICEF and WHO. More data can be found at http://aidsinfo.unaids.org/.,UNAIDS 2023 estimates,http://aidsinfo.unaids.org/,,,,2000 to 2022,Total
Chile,Mother-to-child HIV transmission rate,Total,2022,13.85,Units,Rate per 100 of Population,Estimated value,Free,12.74,15.07,,,Data from Global AIDS Monitoring and UNAIDS estimates are published by UNAIDS in collaboration with UNICEF and WHO. More data can be found at http://aidsinfo.unaids.org/.,UNAIDS 2023 estimates,http://aidsinfo.unaids.org/,,,,2000 to 2022,Total
Colombia,Mother-to-child HIV transmission rate,Total,2021,12.43,Units,Rate per 100 of Population,Estimated value,Free,10.98,14.31,,,Data from Global AIDS Monitoring and UNAIDS estimates are published by UNAIDS in collaboration with UNICEF and WHO. More data can be found at http://aidsinfo.unaids.org/.,UNAIDS 2023 estimates,http://aidsinfo.unaids.org/,,,,2000 to 2022,Total
Colombia,Mother-to-child HIV transmission rate,Total,2022,10.80,Units,Rate per 100 of Population,Estimated value,Free,9.96,12.08,,,Data from Global AIDS Monitoring and UNAIDS estimates are published by UNAIDS in collaboration with UNICEF and WHO. More data can be found at http://aidsinfo.unaids.org/.,UNAIDS 2023 estimates,http://aidsinfo.unaids.org/,,,,2000 to 2022,Total
Congo,Mother-to-child HIV transmission rate,Total,2021,31.68,Units,Rate per 100 of Population,Estimated value,Free,28.38,34.67,,,Data from Global AIDS Monitoring and UNAIDS estimates are published by UNAIDS in collaboration with UNICEF and WHO. More data can be found at http://aidsinfo.unaids.org/.,UNAIDS 2023 estimates,http://aidsinfo.unaids.org/,,,,2000 to 2022,Total
Congo,Mother-to-child HIV transmission rate,Total,2022,32.01,Units,Rate per 100 of Population,Estimated value,Free,28.55,35.30,,,Data from Global AIDS Monitoring and UNAIDS estimates are published by UNAIDS in collaboration with UNICEF and WHO. More data can be found at http://aidsinfo.unaids.org/.,UNAIDS 2023 estimates,http://aidsinfo.unaids.org/,,,,2000 to 2022,Total
Costa Rica,Mother-to-child HIV transmission rate,Total,2021,9.83,Units,Rate per 100 of Population,Estimated value,Free,9.16,10.58,,,Data from Global AIDS Monitoring and UNAIDS estimates are published by UNAIDS in collaboration with UNICEF and WHO. More data can be found at http://aidsinfo.unaids.org/.,UNAIDS 2023 estimates,http://aidsinfo.unaids.org/,,,,2000 to 2022,Total
Costa Rica,Mother-to-child HIV transmission rate,Total,2022,23.79,Units,Rate per 100 of Population,Estimated value,Free,22.04,24.95,,,Data from Global AIDS Monitoring and UNAIDS estimates are published by UNAIDS in collaboration with UNICEF and WHO. More data can be found at http://aidsinfo.unaids.org/.,UNAIDS 2023 estimates,http://aidsinfo.unaids.org/,,,,2000 to 2022,Total
Cuba,Mother-to-child HIV transmission rate,Total,2021,5.85,Units,Rate per 100 of Population,Estimated value,Free,5.10,6.68,,,Data from Global AIDS Monitoring and UNAIDS estimates are published by UNAIDS in collaboration with UNICEF and WHO. More data can be found at http://aidsinfo.unaids.org/.,UNAIDS 2023 estimates,http://aidsinfo.unaids.org/,,,,2000 to 2022,Total
Cuba,Mother-to-child HIV transmission rate,Total,2022,5.69,Units,Rate per 100 of Population,Estimated value,Free,4.94,6.38,,,Data from Global AIDS Monitoring and UNAIDS estimates are published by UNAIDS in collaboration with UNICEF and WHO. More data can be found at http://aidsinfo.unaids.org/.,UNAIDS 2023 estimates,http://aidsinfo.unaids.org/,,,,2000 to 2022,Total
Côte d'Ivoire,Mother-to-child HIV transmission rate,Total,2021,9.83,Units,Rate per 100 of Population,Estimated value,Free,5.18,14.43,,,Data from Global AIDS Monitoring and UNAIDS estimates are published by UNAIDS in collaboration with UNICEF and WHO. More data can be found at http://aidsinfo.unaids.org/.,UNAIDS 2023 estimates,http://aidsinfo.unaids.org/,,,,2000 to 2022,Total
Côte d'Ivoire,Mother-to-child HIV transmission rate,Total,2022,10.87,Units,Rate per 100 of Population,Estimated value,Free,5.98,15.19,,,Data from Global AIDS Monitoring and UNAIDS estimates are published by UNAIDS in collaboration with UNICEF and WHO. More data can be found at http://aidsinfo.unaids.org/.,UNAIDS 2023 estimates,http://aidsinfo.unaids.org/,,,,2000 to 2022,Total
Democratic Republic of the Congo,Mother-to-child HIV transmission rate,Total,2021,26.75,Units,Rate per 100 of Population,Estimated value,Free,23.57,29.51,,,Data from Global AIDS Monitoring and UNAIDS estimates are published by UNAIDS in collaboration with UNICEF and WHO. More data can be found at http://aidsinfo.unaids.org/.,UNAIDS 2023 estimates,http://aidsinfo.unaids.org/,,,,2000 to 2022,Total
Democratic Republic of the Congo,Mother-to-child HIV transmission rate,Total,2022,26.46,Units,Rate per 100 of Population,Estimated value,Free,23.42,29.12,,,Data from Global AIDS Monitoring and UNAIDS estimates are published by UNAIDS in collaboration with UNICEF and WHO. More data can be found at http://aidsinfo.unaids.org/.,UNAIDS 2023 estimates,http://aidsinfo.unaids.org/,,,,2000 to 2022,Total
Dominican Republic,Mother-to-child HIV transmission rate,Total,2021,20.41,Units,Rate per 100 of Population,Estimated value,Free,16.07,23.06,,,Data from Global AIDS Monitoring and UNAIDS estimates are published by UNAIDS in collaboration with UNICEF and WHO. More data can be found at http://aidsinfo.unaids.org/.,UNAIDS 2023 estimates,http://aidsinfo.unaids.org/,,,,2000 to 2022,Total
Dominican Republic,Mother-to-child HIV transmission rate,Total,2022,16.39,Units,Rate per 100 of Population,Estimated value,Free,10.71,19.66,,,Data from Global AIDS Monitoring and UNAIDS estimates are published by UNAIDS in collaboration with UNICEF and WHO. More data can be found at http://aidsinfo.unaids.org/.,UNAIDS 2023 estimates,http://aidsinfo.unaids.org/,,,,2000 to 2022,Total
East Asia and Pacific,Mother-to-child HIV transmission rate,Total,2021,22.73,Units,Rate per 100 of Population,Estimated value,Free,19.64,25.08,,,Data from Global AIDS Monitoring and UNAIDS estimates are published by UNAIDS in collaboration with UNICEF and WHO. More data can be found at http://aidsinfo.unaids.org/.,UNAIDS 2023 estimates,http://aidsinfo.unaids.org/,,,,2000 to 2022,Total
East Asia and Pacific,Mother-to-child HIV transmission rate,Total,2022,22.07,Units,Rate per 100 of Population,Estimated value,Free,19.08,24.36,,,Data from Global AIDS Monitoring and UNAIDS estimates are published by UNAIDS in collaboration with UNICEF and WHO. More data can be found at http://aidsinfo.unaids.org/.,UNAIDS 2023 estimates,http://aidsinfo.unaids.org/,,,,2000 to 2022,Total
Eastern and Southern Africa,Mother-to-child HIV transmission rate,Total,2021,7.45,Units,Rate per 100 of Population,Estimated value,Free,5.73,11.07,,,Data from Global AIDS Monitoring and UNAIDS estimates are published by UNAIDS in collaboration with UNICEF and WHO. More data can be found at http://aidsinfo.unaids.org/.,UNAIDS 2023 estimates,http://aidsinfo.unaids.org/,,,,2000 to 2022,Total
Eastern and Southern Africa,Mother-to-child HIV transmission rate,Total,2022,7.14,Units,Rate per 100 of Population,Estimated value,Free,5.50,10.61,,,Data from Global AIDS Monitoring and UNAIDS estimates are published by UNAIDS in collaboration with UNICEF and WHO. More data can be found at http://aidsinfo.unaids.org/.,UNAIDS 2023 estimates,http://aidsinfo.unaids.org/,,,,2000 to 2022,Total
Ecuador,Mother-to-child HIV transmission rate,Total,2021,15.14,Units,Rate per 100 of Population,Estimated value,Free,11.62,18.24,,,Data from Global AIDS Monitoring and UNAIDS estimates are published by UNAIDS in collaboration with UNICEF and WHO. More data can be found at http://aidsinfo.unaids.org/.,UNAIDS 2023 estimates,http://aidsinfo.unaids.org/,,,,2000 to 2022,Total
Ecuador,Mother-to-child HIV transmission rate,Total,2022,12.39,Units,Rate per 100 of Population,Estimated value,Free,11.00,16.06,,,Data from Global AIDS Monitoring and UNAIDS estimates are published by UNAIDS in collaboration with UNICEF and WHO. More data can be found at http://aidsinfo.unaids.org/.,UNAIDS 2023 estimates,http://aidsinfo.unaids.org/,,,,2000 to 2022,Total
Egypt,Mother-to-child HIV transmission rate,Total,2021,29.16,Units,Rate per 100 of Population,Estimated value,Free,27.74,30.57,,,Data from Global AIDS Monitoring and UNAIDS estimates are published by UNAIDS in collaboration with UNICEF and WHO. More data can be found at http://aidsinfo.unaids.org/.,UNAIDS 2023 estimates,http://aidsinfo.unaids.org/,,,,2000 to 2022,Total
Egypt,Mother-to-child HIV transmission rate,Total,2022,28.78,Units,Rate per 100 of Population,Estimated value,Free,27.26,30.24,,,Data from Global AIDS Monitoring and UNAIDS estimates are published by UNAIDS in collaboration with UNICEF and WHO. More data can be found at http://aidsinfo.unaids.org/.,UNAIDS 2023 estimates,http://aidsinfo.unaids.org/,,,,2000 to 2022,Total
El Salvador,Mother-to-child HIV transmission rate,Total,2021,16.04,Units,Rate per 100 of Population,Estimated value,Free,11.54,19.65,,,Data from Global AIDS Monitoring and UNAIDS estimates are published by UNAIDS in collaboration with UNICEF and WHO. More data can be found at http://aidsinfo.unaids.org/.,UNAIDS 2023 estimates,http://aidsinfo.unaids.org/,,,,2000 to 2022,Total
El Salvador,Mother-to-child HIV transmission rate,Total,2022,15.66,Units,Rate per 100 of Population,Estimated value,Free,11.05,19.72,,,Data from Global AIDS Monitoring and UNAIDS estimates are published by UNAIDS in collaboration with UNICEF and WHO. More data can be found at http://aidsinfo.unaids.org/.,UNAIDS 2023 estimates,http://aidsinfo.unaids.org/,,,,2000 to 2022,Total
Equatorial Guinea,Mother-to-child HIV transmission rate,Total,2021,25.10,Units,Rate per 100 of Population,Estimated value,Free,21.14,28.33,,,Data from Global AIDS Monitoring and UNAIDS estimates are published by UNAIDS in collaboration with UNICEF and WHO. More data can be found at http://aidsinfo.unaids.org/.,UNAIDS 2023 estimates,http://aidsinfo.unaids.org/,,,,2000 to 2022,Total
Equatorial Guinea,Mother-to-child HIV transmission rate,Total,2022,24.15,Units,Rate per 100 of Population,Estimated value,Free,19.78,27.72,,,Data from Global AIDS Monitoring and UNAIDS estimates are published by UNAIDS in collaboration with UNICEF and WHO. More data can be found at http://aidsinfo.unaids.org/.,UNAIDS 2023 estimates,http://aidsinfo.unaids.org/,,,,2000 to 2022,Total
Eritrea,Mother-to-child HIV transmission rate,Total,2021,18.33,Units,Rate per 100 of Population,Estimated value,Free,11.46,24.60,,,Data from Global AIDS Monitoring and UNAIDS estimates are published by UNAIDS in collaboration with UNICEF and WHO. More data can be found at http://aidsinfo.unaids.org/.,UNAIDS 2023 estimates,http://aidsinfo.unaids.org/,,,,2000 to 2022,Total
Eritrea,Mother-to-child HIV transmission rate,Total,2022,15.78,Units,Rate per 100 of Population,Estimated value,Free,10.36,22.61,,,Data from Global AIDS Monitoring and UNAIDS estimates are published by UNAIDS in collaboration with UNICEF and WHO. More data can be found at http://aidsinfo.unaids.org/.,UNAIDS 2023 estimates,http://aidsinfo.unaids.org/,,,,2000 to 2022,Total
Eswatini,Mother-to-child HIV transmission rate,Total,2021,3.31,Units,Rate per 100 of Population,Estimated value,Free,2.55,4.55,,,Data from Global AIDS Monitoring and UNAIDS estimates are published by UNAIDS in collaboration with UNICEF and WHO. More data can be found at http://aidsinfo.unaids.org/.,UNAIDS 2023 estimates,http://aidsinfo.unaids.org/,,,,2000 to 2022,Total
Eswatini,Mother-to-child HIV transmission rate,Total,2022,2.40,Units,Rate per 100 of Population,Estimated value,Free,2.12,3.30,,,Data from Global AIDS Monitoring and UNAIDS estimates are published by UNAIDS in collaboration with UNICEF and WHO. More data can be found at http://aidsinfo.unaids.org/.,UNAIDS 2023 estimates,http://aidsinfo.unaids.org/,,,,2000 to 2022,Total
Ethiopia,Mother-to-child HIV transmission rate,Total,2021,13.89,Units,Rate per 100 of Population,Estimated value,Free,9.51,22.09,,,Data from Global AIDS Monitoring and UNAIDS estimates are published by UNAIDS in collaboration with UNICEF and WHO. More data can be found at http://aidsinfo.unaids.org/.,UNAIDS 2023 estimates,http://aidsinfo.unaids.org/,,,,2000 to 2022,Total
Ethiopia,Mother-to-child HIV transmission rate,Total,2022,12.03,Units,Rate per 100 of Population,Estimated value,Free,8.25,19.14,,,Data from Global AIDS Monitoring and UNAIDS estimates are published by UNAIDS in collaboration with UNICEF and WHO. More data can be found at http://aidsinfo.unaids.org/.,UNAIDS 2023 estimates,http://aidsinfo.unaids.org/,,,,2000 to 2022,Total
Fiji,Mother-to-child HIV transmission rate,Total,2021,24.54,Units,Rate per 100 of Population,Estimated value,Free,18.54,28.92,,,Data from Global AIDS Monitoring and UNAIDS estimates are published by UNAIDS in collaboration with UNICEF and WHO. More data can be found at http://aidsinfo.unaids.org/.,UNAIDS 2023 estimates,http://aidsinfo.unaids.org/,,,,2000 to 2022,Total
Fiji,Mother-to-child HIV transmission rate,Total,2022,26.10,Units,Rate per 100 of Population,Estimated value,Free,20.46,29.79,,,Data from Global AIDS Monitoring and UNAIDS estimates are published by UNAIDS in collaboration with UNICEF and WHO. More data can be found at http://aidsinfo.unaids.org/.,UNAIDS 2023 estimates,http://aidsinfo.unaids.org/,,,,2000 to 2022,Total
France,Mother-to-child HIV transmission rate,Total,2021,2.97,Units,Rate per 100 of Population,Estimated value,Free,2.70,3.21,,,Data from Global AIDS Monitoring and UNAIDS estimates are published by UNAIDS in collaboration with UNICEF and WHO. More data can be found at http://aidsinfo.unaids.org/.,UNAIDS 2023 estimates,http://aidsinfo.unaids.org/,,,,2000 to 2022,Total
France,Mother-to-child HIV transmission rate,Total,2022,2.97,Units,Rate per 100 of Population,Estimated value,Free,2.70,3.23,,,Data from Global AIDS Monitoring and UNAIDS estimates are published by UNAIDS in collaboration with UNICEF and WHO. More data can be found at http://aidsinfo.unaids.org/.,UNAIDS 2023 estimates,http://aidsinfo.unaids.org/,,,,2000 to 2022,Total
Gabon,Mother-to-child HIV transmission rate,Total,2021,14.09,Units,Rate per 100 of Population,Estimated value,Free,9.00,19.07,,,Data from Global AIDS Monitoring and UNAIDS estimates are published by UNAIDS in collaboration with UNICEF and WHO. More data can be found at http://aidsinfo.unaids.org/.,UNAIDS 2023 estimates,http://aidsinfo.unaids.org/,,,,2000 to 2022,Total
Gabon,Mother-to-child HIV transmission rate,Total,2022,12.98,Units,Rate per 100 of Population,Estimated value,Free,8.69,18.03,,,Data from Global AIDS Monitoring and UNAIDS estimates are published by UNAIDS in collaboration with UNICEF and WHO. More data can be found at http://aidsinfo.unaids.org/.,UNAIDS 2023 estimates,http://aidsinfo.unaids.org/,,,,2000 to 2022,Total
Gambia,Mother-to-child HIV transmission rate,Total,2021,24.57,Units,Rate per 100 of Population,Estimated value,Free,19.46,28.12,,,Data from Global AIDS Monitoring and UNAIDS estimates are published by UNAIDS in collaboration with UNICEF and WHO. More data can be found at http://aidsinfo.unaids.org/.,UNAIDS 2023 estimates,http://aidsinfo.unaids.org/,,,,2000 to 2022,Total
Gambia,Mother-to-child HIV transmission rate,Total,2022,24.90,Units,Rate per 100 of Population,Estimated value,Free,19.58,28.46,,,Data from Global AIDS Monitoring and UNAIDS estimates are published by UNAIDS in collaboration with UNICEF and WHO. More data can be found at http://aidsinfo.unaids.org/.,UNAIDS 2023 estimates,http://aidsinfo.unaids.org/,,,,2000 to 2022,Total
Ghana,Mother-to-child HIV transmission rate,Total,2021,15.72,Units,Rate per 100 of Population,Estimated value,Free,12.79,19.69,,,Data from Global AIDS Monitoring and UNAIDS estimates are published by UNAIDS in collaboration with UNICEF and WHO. More data can be found at http://aidsinfo.unaids.org/.,UNAIDS 2023 estimates,http://aidsinfo.unaids.org/,,,,2000 to 2022,Total
Ghana,Mother-to-child HIV transmission rate,Total,2022,17.25,Units,Rate per 100 of Population,Estimated value,Free,12.79,21.76,,,Data from Global AIDS Monitoring and UNAIDS estimates are published by UNAIDS in collaboration with UNICEF and WHO. More data can be found at http://aidsinfo.unaids.org/.,UNAIDS 2023 estimates,http://aidsinfo.unaids.org/,,,,2000 to 2022,Total
Guatemala,Mother-to-child HIV transmission rate,Total,2021,27.07,Units,Rate per 100 of Population,Estimated value,Free,24.66,29.06,,,Data from Global AIDS Monitoring and UNAIDS estimates are published by UNAIDS in collaboration with UNICEF and WHO. More data can be found at http://aidsinfo.unaids.org/.,UNAIDS 2023 estimates,http://aidsinfo.unaids.org/,,,,2000 to 2022,Total
Guatemala,Mother-to-child HIV transmission rate,Total,2022,24.89,Units,Rate per 100 of Population,Estimated value,Free,22.29,27.02,,,Data from Global AIDS Monitoring and UNAIDS estimates are published by UNAIDS in collaboration with UNICEF and WHO. More data can be found at http://aidsinfo.unaids.org/.,UNAIDS 2023 estimates,http://aidsinfo.unaids.org/,,,,2000 to 2022,Total
Guinea,Mother-to-child HIV transmission rate,Total,2021,24.49,Units,Rate per 100 of Population,Estimated value,Free,20.81,27.63,,,Data from Global AIDS Monitoring and UNAIDS estimates are published by UNAIDS in collaboration with UNICEF and WHO. More data can be found at http://aidsinfo.unaids.org/.,UNAIDS 2023 estimates,http://aidsinfo.unaids.org/,,,,2000 to 2022,Total
Guinea,Mother-to-child HIV transmission rate,Total,2022,24.71,Units,Rate per 100 of Population,Estimated value,Free,20.36,28.12,,,Data from Global AIDS Monitoring and UNAIDS estimates are published by UNAIDS in collaboration with UNICEF and WHO. More data can be found at http://aidsinfo.unaids.org/.,UNAIDS 2023 estimates,http://aidsinfo.unaids.org/,,,,2000 to 2022,Total
Guinea-Bissau,Mother-to-child HIV transmission rate,Total,2021,22.86,Units,Rate per 100 of Population,Estimated value,Free,20.28,25.55,,,Data from Global AIDS Monitoring and UNAIDS estimates are published by UNAIDS in collaboration with UNICEF and WHO. More data can be found at http://aidsinfo.unaids.org/.,UNAIDS 2023 estimates,http://aidsinfo.unaids.org/,,,,2000 to 2022,Total
Guinea-Bissau,Mother-to-child HIV transmission rate,Total,2022,22.08,Units,Rate per 100 of Population,Estimated value,Free,18.98,24.91,,,Data from Global AIDS Monitoring and UNAIDS estimates are published by UNAIDS in collaboration with UNICEF and WHO. More data can be found at http://aidsinfo.unaids.org/.,UNAIDS 2023 estimates,http://aidsinfo.unaids.org/,,,,2000 to 2022,Total
Guyana,Mother-to-child HIV transmission rate,Total,2021,14.43,Units,Rate per 100 of Population,Estimated value,Free,11.40,17.83,,,Data from Global AIDS Monitoring and UNAIDS estimates are published by UNAIDS in collaboration with UNICEF and WHO. More data can be found at http://aidsinfo.unaids.org/.,UNAIDS 2023 estimates,http://aidsinfo.unaids.org/,,,,2000 to 2022,Total
Guyana,Mother-to-child HIV transmission rate,Total,2022,10.13,Units,Rate per 100 of Population,Estimated value,Free,6.65,13.60,,,Data from Global AIDS Monitoring and UNAIDS estimates are published by UNAIDS in collaboration with UNICEF and WHO. More data can be found at http://aidsinfo.unaids.org/.,UNAIDS 2023 estimates,http://aidsinfo.unaids.org/,,,,2000 to 2022,Total
Haiti,Mother-to-child HIV transmission rate,Total,2021,17.06,Units,Rate per 100 of Population,Estimated value,Free,14.71,19.90,,,Data from Global AIDS Monitoring and UNAIDS estimates are published by UNAIDS in collaboration with UNICEF and WHO. More data can be found at http://aidsinfo.unaids.org/.,UNAIDS 2023 estimates,http://aidsinfo.unaids.org/,,,,2000 to 2022,Total
Haiti,Mother-to-child HIV transmission rate,Total,2022,18.01,Units,Rate per 100 of Population,Estimated value,Free,15.49,21.00,,,Data from Global AIDS Monitoring and UNAIDS estimates are published by UNAIDS in collaboration with UNICEF and WHO. More data can be found at http://aidsinfo.unaids.org/.,UNAIDS 2023 estimates,http://aidsinfo.unaids.org/,,,,2000 to 2022,Total
Honduras,Mother-to-child HIV transmission rate,Total,2021,25.76,Units,Rate per 100 of Population,Estimated value,Free,24.00,27.63,,,Data from Global AIDS Monitoring and UNAIDS estimates are published by UNAIDS in collaboration with UNICEF and WHO. More data can be found at http://aidsinfo.unaids.org/.,UNAIDS 2023 estimates,http://aidsinfo.unaids.org/,,,,2000 to 2022,Total
Honduras,Mother-to-child HIV transmission rate,Total,2022,25.34,Units,Rate per 100 of Population,Estimated value,Free,23.45,27.25,,,Data from Global AIDS Monitoring and UNAIDS estimates are published by UNAIDS in collaboration with UNICEF and WHO. More data can be found at http://aidsinfo.unaids.org/.,UNAIDS 2023 estimates,http://aidsinfo.unaids.org/,,,,2000 to 2022,Total
Humanitarian Action Countries,Mother-to-child HIV transmission rate,Total,2021,23.94,Units,Rate per 100 of Population,Estimated value,Free,32.58,17.29,,,Data from Global AIDS Monitoring and UNAIDS estimates are published by UNAIDS in collaboration with UNICEF and WHO. More data can be found at http://aidsinfo.unaids.org/.,UNAIDS 2023 estimates,http://aidsinfo.unaids.org/,,,,2000 to 2022,Total
Humanitarian Action Countries,Mother-to-child HIV transmission rate,Total,2022,22.78,Units,Rate per 100 of Population,Estimated value,Free,30.95,16.13,,,Data from Global AIDS Monitoring and UNAIDS estimates are published by UNAIDS in collaboration with UNICEF and WHO. More data can be found at http://aidsinfo.unaids.org/.,UNAIDS 2023 estimates,http://aidsinfo.unaids.org/,,,,2000 to 2022,Total
India,Mother-to-child HIV transmission rate,Total,2022,19.91,Units,Rate per 100 of Population,Estimated value,Free,14.84,25.55,,,Data from Global AIDS Monitoring and UNAIDS estimates are published by UNAIDS in collaboration with UNICEF and WHO. More data can be found at http://aidsinfo.unaids.org/.,UNAIDS 2023 estimates,http://aidsinfo.unaids.org/,,,,2000 to 2022,Total
Indonesia,Mother-to-child HIV transmission rate,Total,2021,30.48,Units,Rate per 100 of Population,Estimated value,Free,28.99,32.01,,,Data from Global AIDS Monitoring and UNAIDS estimates are published by UNAIDS in collaboration with UNICEF and WHO. More data can be found at http://aidsinfo.unaids.org/.,UNAIDS 2023 estimates,http://aidsinfo.unaids.org/,,,,2000 to 2022,Total
Indonesia,Mother-to-child HIV transmission rate,Total,2022,29.84,Units,Rate per 100 of Population,Estimated value,Free,28.14,31.30,,,Data from Global AIDS Monitoring and UNAIDS estimates are published by UNAIDS in collaboration with UNICEF and WHO. More data can be found at http://aidsinfo.unaids.org/.,UNAIDS 2023 estimates,http://aidsinfo.unaids.org/,,,,2000 to 2022,Total
Iran (Islamic Republic of),Mother-to-child HIV transmission rate,Total,2021,30.21,Units,Rate per 100 of Population,Estimated value,Free,24.51,36.34,,,Data from Global AIDS Monitoring and UNAIDS estimates are published by UNAIDS in collaboration with UNICEF and WHO. More data can be found at http://aidsinfo.unaids.org/.,UNAIDS 2023 estimates,http://aidsinfo.unaids.org/,,,,2000 to 2022,Total
Iran (Islamic Republic of),Mother-to-child HIV transmission rate,Total,2022,33.03,Units,Rate per 100 of Population,Estimated value,Free,27.31,39.30,,,Data from Global AIDS Monitoring and UNAIDS estimates are published by UNAIDS in collaboration with UNICEF and WHO. More data can be found at http://aidsinfo.unaids.org/.,UNAIDS 2023 estimates,http://aidsinfo.unaids.org/,,,,2000 to 2022,Total
Jamaica,Mother-to-child HIV transmission rate,Total,2021,12.33,Units,Rate per 100 of Population,Estimated value,Free,11.51,12.92,,,Data from Global AIDS Monitoring and UNAIDS estimates are published by UNAIDS in collaboration with UNICEF and WHO. More data can be found at http://aidsinfo.unaids.org/.,UNAIDS 2023 estimates,http://aidsinfo.unaids.org/,,,,2000 to 2022,Total
Jamaica,Mother-to-child HIV transmission rate,Total,2022,11.95,Units,Rate per 100 of Population,Estimated value,Free,11.13,12.53,,,Data from Global AIDS Monitoring and UNAIDS estimates are published by UNAIDS in collaboration with UNICEF and WHO. More data can be found at http://aidsinfo.unaids.org/.,UNAIDS 2023 estimates,http://aidsinfo.unaids.org/,,,,2000 to 2022,Total
Kenya,Mother-to-child HIV transmission rate,Total,2021,8.29,Units,Rate per 100 of Population,Estimated value,Free,6.14,11.33,,,Data from Global AIDS Monitoring and UNAIDS estimates are published by UNAIDS in collaboration with UNICEF and WHO. More data can be found at http://aidsinfo.unaids.org/.,UNAIDS 2023 estimates,http://aidsinfo.unaids.org/,,,,2000 to 2022,Total
Kenya,Mother-to-child HIV transmission rate,Total,2022,8.64,Units,Rate per 100 of Population,Estimated value,Free,6.40,11.81,,,Data from Global AIDS Monitoring and UNAIDS estimates are published by UNAIDS in collaboration with UNICEF and WHO. More data can be found at http://aidsinfo.unaids.org/.,UNAIDS 2023 estimates,http://aidsinfo.unaids.org/,,,,2000 to 2022,Total
Kyrgyzstan,Mother-to-child HIV transmission rate,Total,2021,18.89,Units,Rate per 100 of Population,Estimated value,Free,17.84,19.80,,,Data from Global AIDS Monitoring and UNAIDS estimates are published by UNAIDS in collaboration with UNICEF and WHO. More data can be found at http://aidsinfo.unaids.org/.,UNAIDS 2023 estimates,http://aidsinfo.unaids.org/,,,,2000 to 2022,Total
Kyrgyzstan,Mother-to-child HIV transmission rate,Total,2022,16.93,Units,Rate per 100 of Population,Estimated value,Free,15.81,17.82,,,Data from Global AIDS Monitoring and UNAIDS estimates are published by UNAIDS in collaboration with UNICEF and WHO. More data can be found at http://aidsinfo.unaids.org/.,UNAIDS 2023 estimates,http://aidsinfo.unaids.org/,,,,2000 to 2022,Total
Lao People's Democratic Republic,Mother-to-child HIV transmission rate,Total,2021,28.51,Units,Rate per 100 of Population,Estimated value,Free,24.91,31.50,,,Data from Global AIDS Monitoring and UNAIDS estimates are published by UNAIDS in collaboration with UNICEF and WHO. More data can be found at http://aidsinfo.unaids.org/.,UNAIDS 2023 estimates,http://aidsinfo.unaids.org/,,,,2000 to 2022,Total
Lao People's Democratic Republic,Mother-to-child HIV transmission rate,Total,2022,30.16,Units,Rate per 100 of Population,Estimated value,Free,26.71,33.13,,,Data from Global AIDS Monitoring and UNAIDS estimates are published by UNAIDS in collaboration with UNICEF and WHO. More data can be found at http://aidsinfo.unaids.org/.,UNAIDS 2023 estimates,http://aidsinfo.unaids.org/,,,,2000 to 2022,Total
Latin America and the Caribbean,Mother-to-child HIV transmission rate,Total,2021,16.31,Units,Rate per 100 of Population,Estimated value,Free,14.08,18.39,,,Data from Global AIDS Monitoring and UNAIDS estimates are published by UNAIDS in collaboration with UNICEF and WHO. More data can be found at http://aidsinfo.unaids.org/.,UNAIDS 2023 estimates,http://aidsinfo.unaids.org/,,,,2000 to 2022,Total
Latin America and the Caribbean,Mother-to-child HIV transmission rate,Total,2022,15.42,Units,Rate per 100 of Population,Estimated value,Free,13.31,17.39,,,Data from Global AIDS Monitoring and UNAIDS estimates are published by UNAIDS in collaboration with UNICEF and WHO. More data can be found at http://aidsinfo.unaids.org/.,UNAIDS 2023 estimates,http://aidsinfo.unaids.org/,,,,2000 to 2022,Total
Lesotho,Mother-to-child HIV transmission rate,Total,2021,6.86,Units,Rate per 100 of Population,Estimated value,Free,3.75,8.94,,,Data from Global AIDS Monitoring and UNAIDS estimates are published by UNAIDS in collaboration with UNICEF and WHO. More data can be found at http://aidsinfo.unaids.org/.,UNAIDS 2023 estimates,http://aidsinfo.unaids.org/,,,,2000 to 2022,Total
Lesotho,Mother-to-child HIV transmission rate,Total,2022,5.96,Units,Rate per 100 of Population,Estimated value,Free,3.36,8.11,,,Data from Global AIDS Monitoring and UNAIDS estimates are published by UNAIDS in collaboration with UNICEF and WHO. More data can be found at http://aidsinfo.unaids.org/.,UNAIDS 2023 estimates,http://aidsinfo.unaids.org/,,,,2000 to 2022,Total
Liberia,Mother-to-child HIV transmission rate,Total,2021,13.56,Units,Rate per 100 of Population,Estimated value,Free,11.49,18.86,,,Data from Global AIDS Monitoring and UNAIDS estimates are published by UNAIDS in collaboration with UNICEF and WHO. More data can be found at http://aidsinfo.unaids.org/.,UNAIDS 2023 estimates,http://aidsinfo.unaids.org/,,,,2000 to 2022,Total
Liberia,Mother-to-child HIV transmission rate,Total,2022,14.70,Units,Rate per 100 of Population,Estimated value,Free,10.70,19.89,,,Data from Global AIDS Monitoring and UNAIDS estimates are published by UNAIDS in collaboration with UNICEF and WHO. More data can be found at http://aidsinfo.unaids.org/.,UNAIDS 2023 estimates,http://aidsinfo.unaids.org/,,,,2000 to 2022,Total
Madagascar,Mother-to-child HIV transmission rate,Total,2021,39.84,Units,Rate per 100 of Population,Estimated value,Free,37.08,42.37,,,Data from Global AIDS Monitoring and UNAIDS estimates are published by UNAIDS in collaboration with UNICEF and WHO. More data can be found at http://aidsinfo.unaids.org/.,UNAIDS 2023 estimates,http://aidsinfo.unaids.org/,,,,2000 to 2022,Total
Madagascar,Mother-to-child HIV transmission rate,Total,2022,39.23,Units,Rate per 100 of Population,Estimated value,Free,36.44,42.01,,,Data from Global AIDS Monitoring and UNAIDS estimates are published by UNAIDS in collaboration with UNICEF and WHO. More data can be found at http://aidsinfo.unaids.org/.,UNAIDS 2023 estimates,http://aidsinfo.unaids.org/,,,,2000 to 2022,Total
Malawi,Mother-to-child HIV transmission rate,Total,2021,6.95,Units,Rate per 100 of Population,Estimated value,Free,5.44,8.73,,,Data from Global AIDS Monitoring and UNAIDS estimates are published by UNAIDS in collaboration with UNICEF and WHO. More data can be found at http://aidsinfo.unaids.org/.,UNAIDS 2023 estimates,http://aidsinfo.unaids.org/,,,,2000 to 2022,Total
Malawi,Mother-to-child HIV transmission rate,Total,2022,7.67,Units,Rate per 100 of Population,Estimated value,Free,5.21,9.28,,,Data from Global AIDS Monitoring and UNAIDS estimates are published by UNAIDS in collaboration with UNICEF and WHO. More data can be found at http://aidsinfo.unaids.org/.,UNAIDS 2023 estimates,http://aidsinfo.unaids.org/,,,,2000 to 2022,Total
Malaysia,Mother-to-child HIV transmission rate,Total,2021,1.83,Units,Rate per 100 of Population,Estimated value,Free,0.55,3.36,,,Data from Global AIDS Monitoring and UNAIDS estimates are published by UNAIDS in collaboration with UNICEF and WHO. More data can be found at http://aidsinfo.unaids.org/.,UNAIDS 2023 estimates,http://aidsinfo.unaids.org/,,,,2000 to 2022,Total
Malaysia,Mother-to-child HIV transmission rate,Total,2022,1.82,Units,Rate per 100 of Population,Estimated value,Free,0.58,2.71,,,Data from Global AIDS Monitoring and UNAIDS estimates are published by UNAIDS in collaboration with UNICEF and WHO. More data can be found at http://aidsinfo.unaids.org/.,UNAIDS 2023 estimates,http://aidsinfo.unaids.org/,,,,2000 to 2022,Total
Mali,Mother-to-child HIV transmission rate,Total,2021,30.76,Units,Rate per 100 of Population,Estimated value,Free,26.23,34.99,,,Data from Global AIDS Monitoring and UNAIDS estimates are published by UNAIDS in collaboration with UNICEF and WHO. More data can be found at http://aidsinfo.unaids.org/.,UNAIDS 2023 estimates,http://aidsinfo.unaids.org/,,,,2000 to 2022,Total
Mali,Mother-to-child HIV transmission rate,Total,2022,32.10,Units,Rate per 100 of Population,Estimated value,Free,27.78,36.30,,,Data from Global AIDS Monitoring and UNAIDS estimates are published by UNAIDS in collaboration with UNICEF and WHO. More data can be found at http://aidsinfo.unaids.org/.,UNAIDS 2023 estimates,http://aidsinfo.unaids.org/,,,,2000 to 2022,Total
Mauritania,Mother-to-child HIV transmission rate,Total,2021,39.44,Units,Rate per 100 of Population,Estimated value,Free,37.28,41.65,,,Data from Global AIDS Monitoring and UNAIDS estimates are published by UNAIDS in collaboration with UNICEF and WHO. More data can be found at http://aidsinfo.unaids.org/.,UNAIDS 2023 estimates,http://aidsinfo.unaids.org/,,,,2000 to 2022,Total
Mauritania,Mother-to-child HIV transmission rate,Total,2022,35.45,Units,Rate per 100 of Population,Estimated value,Free,31.91,38.44,,,Data from Global AIDS Monitoring and UNAIDS estimates are published by UNAIDS in collaboration with UNICEF and WHO. More data can be found at http://aidsinfo.unaids.org/.,UNAIDS 2023 estimates,http://aidsinfo.unaids.org/,,,,2000 to 2022,Total
Mexico,Mother-to-child HIV transmission rate,Total,2021,22.56,Units,Rate per 100 of Population,Estimated value,Free,21.12,23.95,,,Data from Global AIDS Monitoring and UNAIDS estimates are published by UNAIDS in collaboration with UNICEF and WHO. More data can be found at http://aidsinfo.unaids.org/.,UNAIDS 2023 estimates,http://aidsinfo.unaids.org/,,,,2000 to 2022,Total
Mexico,Mother-to-child HIV transmission rate,Total,2022,22.26,Units,Rate per 100 of Population,Estimated value,Free,20.74,23.51,,,Data from Global AIDS Monitoring and UNAIDS estimates are published by UNAIDS in collaboration with UNICEF and WHO. More data can be found at http://aidsinfo.unaids.org/.,UNAIDS 2023 estimates,http://aidsinfo.unaids.org/,,,,2000 to 2022,Total
Middle East and North Africa,Mother-to-child HIV transmission rate,Total,2021,27.35,Units,Rate per 100 of Population,Estimated value,Free,24.62,29.71,,,Data from Global AIDS Monitoring and UNAIDS estimates are published by UNAIDS in collaboration with UNICEF and WHO. More data can be found at http://aidsinfo.unaids.org/.,UNAIDS 2023 estimates,http://aidsinfo.unaids.org/,,,,2000 to 2022,Total
Middle East and North Africa,Mother-to-child HIV transmission rate,Total,2022,26.97,Units,Rate per 100 of Population,Estimated value,Free,24.29,29.30,,,Data from Global AIDS Monitoring and UNAIDS estimates are published by UNAIDS in collaboration with UNICEF and WHO. More data can be found at http://aidsinfo.unaids.org/.,UNAIDS 2023 estimates,http://aidsinfo.unaids.org/,,,,2000 to 2022,Total
Morocco,Mother-to-child HIV transmission rate,Total,2021,18.22,Units,Rate per 100 of Population,Estimated value,Free,16.25,20.13,,,Data from Global AIDS Monitoring and UNAIDS estimates are published by UNAIDS in collaboration with UNICEF and WHO. More data can be found at http://aidsinfo.unaids.org/.,UNAIDS 2023 estimates,http://aidsinfo.unaids.org/,,,,2000 to 2022,Total
Morocco,Mother-to-child HIV transmission rate,Total,2022,15.13,Units,Rate per 100 of Population,Estimated value,Free,12.20,17.96,,,Data from Global AIDS Monitoring and UNAIDS estimates are published by UNAIDS in collaboration with UNICEF and WHO. More data can be found at http://aidsinfo.unaids.org/.,UNAIDS 2023 estimates,http://aidsinfo.unaids.org/,,,,2000 to 2022,Total
Mozambique,Mother-to-child HIV transmission rate,Total,2021,12.32,Units,Rate per 100 of Population,Estimated value,Free,10.26,14.56,,,Data from Global AIDS Monitoring and UNAIDS estimates are published by UNAIDS in collaboration with UNICEF and WHO. More data can be found at http://aidsinfo.unaids.org/.,UNAIDS 2023 estimates,http://aidsinfo.unaids.org/,,,,2000 to 2022,Total
Mozambique,Mother-to-child HIV transmission rate,Total,2022,10.38,Units,Rate per 100 of Population,Estimated value,Free,8.65,12.65,,,Data from Global AIDS Monitoring and UNAIDS estimates are published by UNAIDS in collaboration with UNICEF and WHO. More data can be found at http://aidsinfo.unaids.org/.,UNAIDS 2023 estimates,http://aidsinfo.unaids.org/,,,,2000 to 2022,Total
Myanmar,Mother-to-child HIV transmission rate,Total,2021,29.22,Units,Rate per 100 of Population,Estimated value,Free,27.18,32.89,,,Data from Global AIDS Monitoring and UNAIDS estimates are published by UNAIDS in collaboration with UNICEF and WHO. More data can be found at http://aidsinfo.unaids.org/.,UNAIDS 2023 estimates,http://aidsinfo.unaids.org/,,,,2000 to 2022,Total
Myanmar,Mother-to-child HIV transmission rate,Total,2022,24.19,Units,Rate per 100 of Population,Estimated value,Free,21.85,28.25,,,Data from Global AIDS Monitoring and UNAIDS estimates are published by UNAIDS in collaboration with UNICEF and WHO. More data can be found at http://aidsinfo.unaids.org/.,UNAIDS 2023 estimates,http://aidsinfo.unaids.org/,,,,2000 to 2022,Total
Namibia,Mother-to-child HIV transmission rate,Total,2021,4.41,Units,Rate per 100 of Population,Estimated value,Free,4.03,4.92,,,Data from Global AIDS Monitoring and UNAIDS estimates are published by UNAIDS in collaboration with UNICEF and WHO. More data can be found at http://aidsinfo.unaids.org/.,UNAIDS 2023 estimates,http://aidsinfo.unaids.org/,,,,2000 to 2022,Total
Namibia,Mother-to-child HIV transmission rate,Total,2022,4.14,Units,Rate per 100 of Population,Estimated value,Free,3.76,4.63,,,Data from Global AIDS Monitoring and UNAIDS estimates are published by UNAIDS in collaboration with UNICEF and WHO. More data can be found at http://aidsinfo.unaids.org/.,UNAIDS 2023 estimates,http://aidsinfo.unaids.org/,,,,2000 to 2022,Total
Nepal,Mother-to-child HIV transmission rate,Total,2021,25.34,Units,Rate per 100 of Population,Estimated value,Free,22.80,27.41,,,Data from Global AIDS Monitoring and UNAIDS estimates are published by UNAIDS in collaboration with UNICEF and WHO. More data can be found at http://aidsinfo.unaids.org/.,UNAIDS 2023 estimates,http://aidsinfo.unaids.org/,,,,2000 to 2022,Total
Nepal,Mother-to-child HIV transmission rate,Total,2022,22.81,Units,Rate per 100 of Population,Estimated value,Free,20.01,24.86,,,Data from Global AIDS Monitoring and UNAIDS estimates are published by UNAIDS in collaboration with UNICEF and WHO. More data can be found at http://aidsinfo.unaids.org/.,UNAIDS 2023 estimates,http://aidsinfo.unaids.org/,,,,2000 to 2022,Total
Nicaragua,Mother-to-child HIV transmission rate,Total,2021,12.75,Units,Rate per 100 of Population,Estimated value,Free,10.84,15.22,,,Data from Global AIDS Monitoring and UNAIDS estimates are published by UNAIDS in collaboration with UNICEF and WHO. More data can be found at http://aidsinfo.unaids.org/.,UNAIDS 2023 estimates,http://aidsinfo.unaids.org/,,,,2000 to 2022,Total
Nicaragua,Mother-to-child HIV transmission rate,Total,2022,9.82,Units,Rate per 100 of Population,Estimated value,Free,8.32,11.68,,,Data from Global AIDS Monitoring and UNAIDS estimates are published by UNAIDS in collaboration with UNICEF and WHO. More data can be found at http://aidsinfo.unaids.org/.,UNAIDS 2023 estimates,http://aidsinfo.unaids.org/,,,,2000 to 2022,Total
Niger,Mother-to-child HIV transmission rate,Total,2021,28.38,Units,Rate per 100 of Population,Estimated value,Free,25.22,30.30,,,Data from Global AIDS Monitoring and UNAIDS estimates are published by UNAIDS in collaboration with UNICEF and WHO. More data can be found at http://aidsinfo.unaids.org/.,UNAIDS 2023 estimates,http://aidsinfo.unaids.org/,,,,2000 to 2022,Total
Niger,Mother-to-child HIV transmission rate,Total,2022,26.03,Units,Rate per 100 of Population,Estimated value,Free,22.74,28.14,,,Data from Global AIDS Monitoring and UNAIDS estimates are published by UNAIDS in collaboration with UNICEF and WHO. More data can be found at http://aidsinfo.unaids.org/.,UNAIDS 2023 estimates,http://aidsinfo.unaids.org/,,,,2000 to 2022,Total
Panama,Mother-to-child HIV transmission rate,Total,2021,11.44,Units,Rate per 100 of Population,Estimated value,Free,10.33,12.87,,,Data from Global AIDS Monitoring and UNAIDS estimates are published by UNAIDS in collaboration with UNICEF and WHO. More data can be found at http://aidsinfo.unaids.org/.,UNAIDS 2023 estimates,http://aidsinfo.unaids.org/,,,,2000 to 2022,Total
Panama,Mother-to-child HIV transmission rate,Total,2022,14.12,Units,Rate per 100 of Population,Estimated value,Free,11.85,18.02,,,Data from Global AIDS Monitoring and UNAIDS estimates are published by UNAIDS in collaboration with UNICEF and WHO. More data can be found at http://aidsinfo.unaids.org/.,UNAIDS 2023 estimates,http://aidsinfo.unaids.org/,,,,2000 to 2022,Total
Papua New Guinea,Mother-to-child HIV transmission rate,Total,2021,33.90,Units,Rate per 100 of Population,Estimated value,Free,31.26,36.85,,,Data from Global AIDS Monitoring and UNAIDS estimates are published by UNAIDS in collaboration with UNICEF and WHO. More data can be found at http://aidsinfo.unaids.org/.,UNAIDS 2023 estimates,http://aidsinfo.unaids.org/,,,,2000 to 2022,Total
Papua New Guinea,Mother-to-child HIV transmission rate,Total,2022,33.69,Units,Rate per 100 of Population,Estimated value,Free,30.78,36.67,,,Data from Global AIDS Monitoring and UNAIDS estimates are published by UNAIDS in collaboration with UNICEF and WHO. More data can be found at http://aidsinfo.unaids.org/.,UNAIDS 2023 estimates,http://aidsinfo.unaids.org/,,,,2000 to 2022,Total
Peru,Mother-to-child HIV transmission rate,Total,2021,16.92,Units,Rate per 100 of Population,Estimated value,Free,13.70,21.22,,,Data from Global AIDS Monitoring and UNAIDS estimates are published by UNAIDS in collaboration with UNICEF and WHO. More data can be found at http://aidsinfo.unaids.org/.,UNAIDS 2023 estimates,http://aidsinfo.unaids.org/,,,,2000 to 2022,Total
Peru,Mother-to-child HIV transmission rate,Total,2022,15.71,Units,Rate per 100 of Population,Estimated value,Free,12.45,20.40,,,Data from Global AIDS Monitoring and UNAIDS estimates are published by UNAIDS in collaboration with UNICEF and WHO. More data can be found at http://aidsinfo.unaids.org/.,UNAIDS 2023 estimates,http://aidsinfo.unaids.org/,,,,2000 to 2022,Total
Philippines,Mother-to-child HIV transmission rate,Total,2021,39.02,Units,Rate per 100 of Population,Estimated value,Free,36.71,41.76,,,Data from Global AIDS Monitoring and UNAIDS estimates are published by UNAIDS in collaboration with UNICEF and WHO. More data can be found at http://aidsinfo.unaids.org/.,UNAIDS 2023 estimates,http://aidsinfo.unaids.org/,,,,2000 to 2022,Total
Philippines,Mother-to-child HIV transmission rate,Total,2022,40.71,Units,Rate per 100 of Population,Estimated value,Free,38.20,42.97,,,Data from Global AIDS Monitoring and UNAIDS estimates are published by UNAIDS in collaboration with UNICEF and WHO. More data can be found at http://aidsinfo.unaids.org/.,UNAIDS 2023 estimates,http://aidsinfo.unaids.org/,,,,2000 to 2022,Total
Republic of Moldova,Mother-to-child HIV transmission rate,Total,2021,13.43,Units,Rate per 100 of Population,Estimated value,Free,9.74,21.32,,,Data from Global AIDS Monitoring and UNAIDS estimates are published by UNAIDS in collaboration with UNICEF and WHO. More data can be found at http://aidsinfo.unaids.org/.,UNAIDS 2023 estimates,http://aidsinfo.unaids.org/,,,,2000 to 2022,Total
Republic of Moldova,Mother-to-child HIV transmission rate,Total,2022,11.34,Units,Rate per 100 of Population,Estimated value,Free,8.39,18.38,,,Data from Global AIDS Monitoring and UNAIDS estimates are published by UNAIDS in collaboration with UNICEF and WHO. More data can be found at http://aidsinfo.unaids.org/.,UNAIDS 2023 estimates,http://aidsinfo.unaids.org/,,,,2000 to 2022,Total
Rwanda,Mother-to-child HIV transmission rate,Total,2021,4.78,Units,Rate per 100 of Population,Estimated value,Free,3.74,7.80,,,Data from Global AIDS Monitoring and UNAIDS estimates are published by UNAIDS in collaboration with UNICEF and WHO. More data can be found at http://aidsinfo.unaids.org/.,UNAIDS 2023 estimates,http://aidsinfo.unaids.org/,,,,2000 to 2022,Total
Rwanda,Mother-to-child HIV transmission rate,Total,2022,5.18,Units,Rate per 100 of Population,Estimated value,Free,3.93,8.51,,,Data from Global AIDS Monitoring and UNAIDS estimates are published by UNAIDS in collaboration with UNICEF and WHO. More data can be found at http://aidsinfo.unaids.org/.,UNAIDS 2023 estimates,http://aidsinfo.unaids.org/,,,,2000 to 2022,Total
Sao Tome and Principe,Mother-to-child HIV transmission rate,Total,2021,14.20,Units,Rate per 100 of Population,Estimated value,Free,9.29,19.23,,,Data from Global AIDS Monitoring and UNAIDS estimates are published by UNAIDS in collaboration with UNICEF and WHO. More data can be found at http://aidsinfo.unaids.org/.,UNAIDS 2023 estimates,http://aidsinfo.unaids.org/,,,,2000 to 2022,Total
Sao Tome and Principe,Mother-to-child HIV transmission rate,Total,2022,12.50,Units,Rate per 100 of Population,Estimated value,Free,8.25,17.30,,,Data from Global AIDS Monitoring and UNAIDS estimates are published by UNAIDS in collaboration with UNICEF and WHO. More data can be found at http://aidsinfo.unaids.org/.,UNAIDS 2023 estimates,http://aidsinfo.unaids.org/,,,,2000 to 2022,Total
Saudi Arabia,Mother-to-child HIV transmission rate,Total,2021,17.15,Units,Rate per 100 of Population,Estimated value,Free,15.18,18.94,,,Data from Global AIDS Monitoring and UNAIDS estimates are published by UNAIDS in collaboration with UNICEF and WHO. More data can be found at http://aidsinfo.unaids.org/.,UNAIDS 2023 estimates,http://aidsinfo.unaids.org/,,,,2000 to 2022,Total
Saudi Arabia,Mother-to-child HIV transmission rate,Total,2022,24.88,Units,Rate per 100 of Population,Estimated value,Free,22.58,27.04,,,Data from Global AIDS Monitoring and UNAIDS estimates are published by UNAIDS in collaboration with UNICEF and WHO. More data can be found at http://aidsinfo.unaids.org/.,UNAIDS 2023 estimates,http://aidsinfo.unaids.org/,,,,2000 to 2022,Total
Senegal,Mother-to-child HIV transmission rate,Total,2021,17.45,Units,Rate per 100 of Population,Estimated value,Free,16.10,21.23,,,Data from Global AIDS Monitoring and UNAIDS estimates are published by UNAIDS in collaboration with UNICEF and WHO. More data can be found at http://aidsinfo.unaids.org/.,UNAIDS 2023 estimates,http://aidsinfo.unaids.org/,,,,2000 to 2022,Total
Senegal,Mother-to-child HIV transmission rate,Total,2022,15.77,Units,Rate per 100 of Population,Estimated value,Free,12.84,19.81,,,Data from Global AIDS Monitoring and UNAIDS estimates are published by UNAIDS in collaboration with UNICEF and WHO. More data can be found at http://aidsinfo.unaids.org/.,UNAIDS 2023 estimates,http://aidsinfo.unaids.org/,,,,2000 to 2022,Total
Sierra Leone,Mother-to-child HIV transmission rate,Total,2021,13.01,Units,Rate per 100 of Population,Estimated value,Free,11.62,16.79,,,Data from Global AIDS Monitoring and UNAIDS estimates are published by UNAIDS in collaboration with UNICEF and WHO. More data can be found at http://aidsinfo.unaids.org/.,UNAIDS 2023 estimates,http://aidsinfo.unaids.org/,,,,2000 to 2022,Total
Sierra Leone,Mother-to-child HIV transmission rate,Total,2022,15.79,Units,Rate per 100 of Population,Estimated value,Free,11.63,20.28,,,Data from Global AIDS Monitoring and UNAIDS estimates are published by UNAIDS in collaboration with UNICEF and WHO. More data can be found at http://aidsinfo.unaids.org/.,UNAIDS 2023 estimates,http://aidsinfo.unaids.org/,,,,2000 to 2022,Total
South Africa,Mother-to-child HIV transmission rate,Total,2021,2.76,Units,Rate per 100 of Population,Estimated value,Free,2.13,7.31,,,Data from Global AIDS Monitoring and UNAIDS estimates are published by UNAIDS in collaboration with UNICEF and WHO. More data can be found at http://aidsinfo.unaids.org/.,UNAIDS 2023 estimates,http://aidsinfo.unaids.org/,,,,2000 to 2022,Total
South Africa,Mother-to-child HIV transmission rate,Total,2022,3.04,Units,Rate per 100 of Population,Estimated value,Free,2.23,8.36,,,Data from Global AIDS Monitoring and UNAIDS estimates are published by UNAIDS in collaboration with UNICEF and WHO. More data can be found at http://aidsinfo.unaids.org/.,UNAIDS 2023 estimates,http://aidsinfo.unaids.org/,,,,2000 to 2022,Total
South Asia,Mother-to-child HIV transmission rate,Total,2021,27.14,Units,Rate per 100 of Population,Estimated value,Free,22.00,32.95,,,Data from Global AIDS Monitoring and UNAIDS estimates are published by UNAIDS in collaboration with UNICEF and WHO. More data can be found at http://aidsinfo.unaids.org/.,UNAIDS 2023 estimates,http://aidsinfo.unaids.org/,,,,2000 to 2022,Total
South Asia,Mother-to-child HIV transmission rate,Total,2022,23.45,Units,Rate per 100 of Population,Estimated value,Free,19.01,28.48,,,Data from Global AIDS Monitoring and UNAIDS estimates are published by UNAIDS in collaboration with UNICEF and WHO. More data can be found at http://aidsinfo.unaids.org/.,UNAIDS 2023 estimates,http://aidsinfo.unaids.org/,,,,2000 to 2022,Total
South Sudan,Mother-to-child HIV transmission rate,Total,2021,25.25,Units,Rate per 100 of Population,Estimated value,Free,21.46,28.88,,,Data from Global AIDS Monitoring and UNAIDS estimates are published by UNAIDS in collaboration with UNICEF and WHO. More data can be found at http://aidsinfo.unaids.org/.,UNAIDS 2023 estimates,http://aidsinfo.unaids.org/,,,,2000 to 2022,Total
South Sudan,Mother-to-child HIV transmission rate,Total,2022,25.76,Units,Rate per 100 of Population,Estimated value,Free,22.02,29.57,,,Data from Global AIDS Monitoring and UNAIDS estimates are published by UNAIDS in collaboration with UNICEF and WHO. More data can be found at http://aidsinfo.unaids.org/.,UNAIDS 2023 estimates,http://aidsinfo.unaids.org/,,,,2000 to 2022,Total
Sub-Saharan Africa,Mother-to-child HIV transmission rate,Total,2021,10.52,Units,Rate per 100 of Population,Estimated value,Free,8.46,13.98,,,Data from Global AIDS Monitoring and UNAIDS estimates are published by UNAIDS in collaboration with UNICEF and WHO. More data can be found at http://aidsinfo.unaids.org/.,UNAIDS 2023 estimates,http://aidsinfo.unaids.org/,,,,2000 to 2022,Total
Sub-Saharan Africa,Mother-to-child HIV transmission rate,Total,2022,10.17,Units,Rate per 100 of Population,Estimated value,Free,8.18,13.52,,,Data from Global AIDS Monitoring and UNAIDS estimates are published by UNAIDS in collaboration with UNICEF and WHO. More data can be found at http://aidsinfo.unaids.org/.,UNAIDS 2023 estimates,http://aidsinfo.unaids.org/,,,,2000 to 2022,Total
Sudan,Mother-to-child HIV transmission rate,Total,2021,39.38,Units,Rate per 100 of Population,Estimated value,Free,37.46,41.99,,,Data from Global AIDS Monitoring and UNAIDS estimates are published by UNAIDS in collaboration with UNICEF and WHO. More data can be found at http://aidsinfo.unaids.org/.,UNAIDS 2023 estimates,http://aidsinfo.unaids.org/,,,,2000 to 2022,Total
Sudan,Mother-to-child HIV transmission rate,Total,2022,38.78,Units,Rate per 100 of Population,Estimated value,Free,36.75,41.27,,,Data from Global AIDS Monitoring and UNAIDS estimates are published by UNAIDS in collaboration with UNICEF and WHO. More data can be found at http://aidsinfo.unaids.org/.,UNAIDS 2023 estimates,http://aidsinfo.unaids.org/,,,,2000 to 2022,Total
Suriname,Mother-to-child HIV transmission rate,Total,2021,16.42,Units,Rate per 100 of Population,Estimated value,Free,12.68,19.58,,,Data from Global AIDS Monitoring and UNAIDS estimates are published by UNAIDS in collaboration with UNICEF and WHO. More data can be found at http://aidsinfo.unaids.org/.,UNAIDS 2023 estimates,http://aidsinfo.unaids.org/,,,,2000 to 2022,Total
Suriname,Mother-to-child HIV transmission rate,Total,2022,13.16,Units,Rate per 100 of Population,Estimated value,Free,12.07,13.99,,,Data from Global AIDS Monitoring and UNAIDS estimates are published by UNAIDS in collaboration with UNICEF and WHO. More data can be found at http://aidsinfo.unaids.org/.,UNAIDS 2023 estimates,http://aidsinfo.unaids.org/,,,,2000 to 2022,Total
Thailand,Mother-to-child HIV transmission rate,Total,2021,1.61,Units,Rate per 100 of Population,Estimated value,Free,1.51,1.73,,,Data from Global AIDS Monitoring and UNAIDS estimates are published by UNAIDS in collaboration with UNICEF and WHO. More data can be found at http://aidsinfo.unaids.org/.,UNAIDS 2023 estimates,http://aidsinfo.unaids.org/,,,,2000 to 2022,Total
Thailand,Mother-to-child HIV transmission rate,Total,2022,1.96,Units,Rate per 100 of Population,Estimated value,Free,1.84,2.10,,,Data from Global AIDS Monitoring and UNAIDS estimates are published by UNAIDS in collaboration with UNICEF and WHO. More data can be found at http://aidsinfo.unaids.org/.,UNAIDS 2023 estimates,http://aidsinfo.unaids.org/,,,,2000 to 2022,Total
Togo,Mother-to-child HIV transmission rate,Total,2021,17.68,Units,Rate per 100 of Population,Estimated value,Free,11.88,22.30,,,Data from Global AIDS Monitoring and UNAIDS estimates are published by UNAIDS in collaboration with UNICEF and WHO. More data can be found at http://aidsinfo.unaids.org/.,UNAIDS 2023 estimates,http://aidsinfo.unaids.org/,,,,2000 to 2022,Total
Togo,Mother-to-child HIV transmission rate,Total,2022,15.98,Units,Rate per 100 of Population,Estimated value,Free,10.67,21.10,,,Data from Global AIDS Monitoring and UNAIDS estimates are published by UNAIDS in collaboration with UNICEF and WHO. More data can be found at http://aidsinfo.unaids.org/.,UNAIDS 2023 estimates,http://aidsinfo.unaids.org/,,,,2000 to 2022,Total
UNICEF reporting regions - Global,Mother-to-child HIV transmission rate,Total,2021,11.34,Units,Rate per 100 of Population,Estimated value,Free,9.22,14.77,,,Data from Global AIDS Monitoring and UNAIDS estimates are published by UNAIDS in collaboration with UNICEF and WHO. More data can be found at http://aidsinfo.unaids.org/.,UNAIDS 2023 estimates,http://aidsinfo.unaids.org/,,,,2000 to 2022,Total
UNICEF reporting regions - Global,Mother-to-child HIV transmission rate,Total,2022,10.95,Units,Rate per 100 of Population,Estimated value,Free,8.90,14.25,,,Data from Global AIDS Monitoring and UNAIDS estimates are published by UNAIDS in collaboration with UNICEF and WHO. More data can be found at http://aidsinfo.unaids.org/.,UNAIDS 2023 estimates,http://aidsinfo.unaids.org/,,,,2000 to 2022,Total
Uganda,Mother-to-child HIV transmission rate,Total,2021,6.68,Units,Rate per 100 of Population,Estimated value,Free,6.03,7.95,,,Data from Global AIDS Monitoring and UNAIDS estimates are published by UNAIDS in collaboration with UNICEF and WHO. More data can be found at http://aidsinfo.unaids.org/.,UNAIDS 2023 estimates,http://aidsinfo.unaids.org/,,,,2000 to 2022,Total
Uganda,Mother-to-child HIV transmission rate,Total,2022,6.96,Units,Rate per 100 of Population,Estimated value,Free,6.16,8.60,,,Data from Global AIDS Monitoring and UNAIDS estimates are published by UNAIDS in collaboration with UNICEF and WHO. More data can be found at http://aidsinfo.unaids.org/.,UNAIDS 2023 estimates,http://aidsinfo.unaids.org/,,,,2000 to 2022,Total
United Republic of Tanzania,Mother-to-child HIV transmission rate,Total,2021,8.49,Units,Rate per 100 of Population,Estimated value,Free,6.13,10.65,,,Data from Global AIDS Monitoring and UNAIDS estimates are published by UNAIDS in collaboration with UNICEF and WHO. More data can be found at http://aidsinfo.unaids.org/.,UNAIDS 2023 estimates,http://aidsinfo.unaids.org/,,,,2000 to 2022,Total
United Republic of Tanzania,Mother-to-child HIV transmission rate,Total,2022,6.94,Units,Rate per 100 of Population,Estimated value,Free,4.88,9.00,,,Data from Global AIDS Monitoring and UNAIDS estimates are published by UNAIDS in collaboration with UNICEF and WHO. More data can be found at http://aidsinfo.unaids.org/.,UNAIDS 2023 estimates,http://aidsinfo.unaids.org/,,,,2000 to 2022,Total
Uruguay,Mother-to-child HIV transmission rate,Total,2021,19.40,Units,Rate per 100 of Population,Estimated value,Free,17.62,21.04,,,Data from Global AIDS Monitoring and UNAIDS estimates are published by UNAIDS in collaboration with UNICEF and WHO. More data can be found at http://aidsinfo.unaids.org/.,UNAIDS 2023 estimates,http://aidsinfo.unaids.org/,,,,2000 to 2022,Total
Uruguay,Mother-to-child HIV transmission rate,Total,2022,17.50,Units,Rate per 100 of Population,Estimated value,Free,15.72,19.14,,,Data from Global AIDS Monitoring and UNAIDS estimates are published by UNAIDS in collaboration with UNICEF and WHO. More data can be found at http://aidsinfo.unaids.org/.,UNAIDS 2023 estimates,http://aidsinfo.unaids.org/,,,,2000 to 2022,Total
Uzbekistan,Mother-to-child HIV transmission rate,Total,2021,24.60,Units,Rate per 100 of Population,Estimated value,Free,21.95,27.07,,,Data from Global AIDS Monitoring and UNAIDS estimates are published by UNAIDS in collaboration with UNICEF and WHO. More data can be found at http://aidsinfo.unaids.org/.,UNAIDS 2023 estimates,http://aidsinfo.unaids.org/,,,,2000 to 2022,Total
Uzbekistan,Mother-to-child HIV transmission rate,Total,2022,23.32,Units,Rate per 100 of Population,Estimated value,Free,20.55,25.68,,,Data from Global AIDS Monitoring and UNAIDS estimates are published by UNAIDS in collaboration with UNICEF and WHO. More data can be found at http://aidsinfo.unaids.org/.,UNAIDS 2023 estimates,http://aidsinfo.unaids.org/,,,,2000 to 2022,Total
Viet Nam,Mother-to-child HIV transmission rate,Total,2021,10.78,Units,Rate per 100 of Population,Estimated value,Free,7.85,12.85,,,Data from Global AIDS Monitoring and UNAIDS estimates are published by UNAIDS in collaboration with UNICEF and WHO. More data can be found at http://aidsinfo.unaids.org/.,UNAIDS 2023 estimates,http://aidsinfo.unaids.org/,,,,2000 to 2022,Total
Viet Nam,Mother-to-child HIV transmission rate,Total,2022,12.77,Units,Rate per 100 of Population,Estimated value,Free,9.90,14.83,,,Data from Global AIDS Monitoring and UNAIDS estimates are published by UNAIDS in collaboration with UNICEF and WHO. More data can be found at http://aidsinfo.unaids.org/.,UNAIDS 2023 estimates,http://aidsinfo.unaids.org/,,,,2000 to 2022,Total
West and Central Africa,Mother-to-child HIV transmission rate,Total,2021,21.39,Units,Rate per 100 of Population,Estimated value,Free,18.10,24.33,,,Data from Global AIDS Monitoring and UNAIDS estimates are published by UNAIDS in collaboration with UNICEF and WHO. More data can be found at http://aidsinfo.unaids.org/.,UNAIDS 2023 estimates,http://aidsinfo.unaids.org/,,,,2000 to 2022,Total
West and Central Africa,Mother-to-child HIV transmission rate,Total,2022,20.73,Units,Rate per 100 of Population,Estimated value,Free,17.53,23.57,,,Data from Global AIDS Monitoring and UNAIDS estimates are published by UNAIDS in collaboration with UNICEF and WHO. More data can be found at http://aidsinfo.unaids.org/.,UNAIDS 2023 estimates,http://aidsinfo.unaids.org/,,,,2000 to 2022,Total
Yemen,Mother-to-child HIV transmission rate,Total,2021,38.25,Units,Rate per 100 of Population,Estimated value,Free,36.72,39.93,,,Data from Global AIDS Monitoring and UNAIDS estimates are published by UNAIDS in collaboration with UNICEF and WHO. More data can be found at http://aidsinfo.unaids.org/.,UNAIDS 2023 estimates,http://aidsinfo.unaids.org/,,,,2000 to 2022,Total
Yemen,Mother-to-child HIV transmission rate,Total,2022,34.04,Units,Rate per 100 of Population,Estimated value,Free,32.57,35.29,,,Data from Global AIDS Monitoring and UNAIDS estimates are published by UNAIDS in collaboration with UNICEF and WHO. More data can be found at http://aidsinfo.unaids.org/.,UNAIDS 2023 estimates,http://aidsinfo.unaids.org/,,,,2000 to 2022,Total
Zambia,Mother-to-child HIV transmission rate,Total,2021,9.00,Units,Rate per 100 of Population,Estimated value,Free,7.08,10.31,,,Data from Global AIDS Monitoring and UNAIDS estimates are published by UNAIDS in collaboration with UNICEF and WHO. More data can be found at http://aidsinfo.unaids.org/.,UNAIDS 2023 estimates,http://aidsinfo.unaids.org/,,,,2000 to 2022,Total
Zambia,Mother-to-child HIV transmission rate,Total,2022,8.62,Units,Rate per 100 of Population,Estimated value,Free,6.70,10.03,,,Data from Global AIDS Monitoring and UNAIDS estimates are published by UNAIDS in collaboration with UNICEF and WHO. More data can be found at http://aidsinfo.unaids.org/.,UNAIDS 2023 estimates,http://aidsinfo.unaids.org/,,,,2000 to 2022,Total
Zimbabwe,Mother-to-child HIV transmission rate,Total,2021,8.42,Units,Rate per 100 of Population,Estimated value,Free,5.31,11.28,,,Data from Global AIDS Monitoring and UNAIDS estimates are published by UNAIDS in collaboration with UNICEF and WHO. More data can be found at http://aidsinfo.unaids.org/.,UNAIDS 2023 estimates,http://aidsinfo.unaids.org/,,,,2000 to 2022,Total
Zimbabwe,Mother-to-child HIV transmission rate,Total,2022,8.10,Units,Rate per 100 of Population,Estimated value,Free,5.10,10.85,,,Data from Global AIDS Monitoring and UNAIDS estimates are published by UNAIDS in collaboration with UNICEF and WHO. More data can be found at http://aidsinfo.unaids.org/.,UNAIDS 2023 estimates,http://aidsinfo.unaids.org/,,,,2000 to 2022,Total
,,,,,,,,,,,,,,,,,,,,
